{"_type":"export","__export_format":4,"__export_date":"2021-10-01T17:40:45.313Z","__export_source":"insomnia.desktop.app:v2021.5.3","resources":[{"_id":"req_937c86a9a48b4779b2acfa1e8fee3715","parentId":"wrk_c4fe60ea865d483db4c58c6fa20b0612","modified":1633109378943,"created":1633109064408,"url":"{{ _.base_URL }}/deletar_ModeloPreco/Batata/2","name":"9° Excluir veículos de um modelo e que tenha um preço  maior ou igual ao informado pela URL","description":"","method":"DELETE","body":{},"parameters":[],"headers":[],"authentication":{},"metaSortKey":-1633109064408,"isPrivate":false,"settingStoreCookies":true,"settingSendCookies":true,"settingDisableRenderRequestBody":false,"settingEncodeUrl":true,"settingRebuildPath":true,"settingFollowRedirects":"global","_type":"request"},{"_id":"wrk_c4fe60ea865d483db4c58c6fa20b0612","parentId":null,"modified":1633022599778,"created":1633022599778,"name":"2e_ga_JoaoPedro","description":"","scope":"collection","_type":"workspace"},{"_id":"req_6673db14a8474cd0bcc006845d363738","parentId":"wrk_c4fe60ea865d483db4c58c6fa20b0612","modified":1633033675171,"created":1633033616347,"url":"{{ _.base_URL }}/deletar_marca/asd","name":"8º Excluir veículos de uma marca passada pela URL","description":"","method":"DELETE","body":{},"parameters":[],"headers":[],"authentication":{},"metaSortKey":-1633033616347,"isPrivate":false,"settingStoreCookies":true,"settingSendCookies":true,"settingDisableRenderRequestBody":false,"settingEncodeUrl":true,"settingRebuildPath":true,"settingFollowRedirects":"global","_type":"request"},{"_id":"req_49daf6f9e76245c9a54ebba9a2520997","parentId":"wrk_c4fe60ea865d483db4c58c6fa20b0612","modified":1633033502222,"created":1633033446993,"url":"{{ _.base_URL }}/deletar_id/28","name":"7º Excluir veículo pelo ID ","description":"","method":"DELETE","body":{},"parameters":[],"headers":[],"authentication":{},"metaSortKey":-1633033446993,"isPrivate":false,"settingStoreCookies":true,"settingSendCookies":true,"settingDisableRenderRequestBody":false,"settingEncodeUrl":true,"settingRebuildPath":true,"settingFollowRedirects":"global","_type":"request"},{"_id":"req_6e87218b7dfa462dad4285d2bef44d6c","parentId":"wrk_c4fe60ea865d483db4c58c6fa20b0612","modified":1633033202960,"created":1633033109012,"url":"{{ _.base_URL }}/editar/25","name":"6º Alterar dados de veículo utilizando o ID","description":"","method":"PATCH","body":{"mimeType":"application/json","text":"    {\n      \"modelo\": \"Uno\",\n      \"marca\": \"fiat\",\n      \"preco_venda\": 20000,\n      \"proprietario\": \"Tiago\"\n    }"},"parameters":[],"headers":[{"name":"Content-Type","value":"application/json","id":"pair_725f7f229ce045d1872fc8936f067357"}],"authentication":{},"metaSortKey":-1633033109012,"isPrivate":false,"settingStoreCookies":true,"settingSendCookies":true,"settingDisableRenderRequestBody":false,"settingEncodeUrl":true,"settingRebuildPath":true,"settingFollowRedirects":"global","_type":"request"},{"_id":"req_1f65c34f95184b6cb328c44220d17e99","parentId":"wrk_c4fe60ea865d483db4c58c6fa20b0612","modified":1633033249770,"created":1633024920427,"url":"{{ _.base_URL }}/exibir/22000","name":"5º Exibir veículos com valor maior ou igual ao passado na URL","description":"","method":"GET","body":{},"parameters":[],"headers":[],"authentication":{},"metaSortKey":-1633024920427,"isPrivate":false,"settingStoreCookies":true,"settingSendCookies":true,"settingDisableRenderRequestBody":false,"settingEncodeUrl":true,"settingRebuildPath":true,"settingFollowRedirects":"global","_type":"request"},{"_id":"req_2cc5472dbf384c179ec78b4573f73108","parentId":"wrk_c4fe60ea865d483db4c58c6fa20b0612","modified":1633024748689,"created":1633024066163,"url":"{{ _.base_URL }}/exibir_proprietario/Joao Pedro","name":"4º Exibir veículos de um proprietário passado pela URL;","description":"","method":"GET","body":{},"parameters":[],"headers":[],"authentication":{},"metaSortKey":-1633024066163,"isPrivate":false,"settingStoreCookies":true,"settingSendCookies":true,"settingDisableRenderRequestBody":false,"settingEncodeUrl":true,"settingRebuildPath":true,"settingFollowRedirects":"global","_type":"request"},{"_id":"req_452610a68b414726b12d8e36b53c4316","parentId":"wrk_c4fe60ea865d483db4c58c6fa20b0612","modified":1633024712390,"created":1633023532396,"url":"{{ _.base_URL }}/exibir_marca/fiat","name":"3º Exibir veículos de uma marca passada pela URL","description":"","method":"GET","body":{},"parameters":[],"headers":[],"authentication":{},"metaSortKey":-1633023532396,"isPrivate":false,"settingStoreCookies":true,"settingSendCookies":true,"settingDisableRenderRequestBody":false,"settingEncodeUrl":true,"settingRebuildPath":true,"settingFollowRedirects":"global","_type":"request"},{"_id":"req_9145fa3a919341718373d8a96971e3be","parentId":"wrk_c4fe60ea865d483db4c58c6fa20b0612","modified":1633023619877,"created":1633023300714,"url":"{{ _.base_URL }}/exibir","name":"2º Exibir veículos ordenados pela marca ","description":"","method":"GET","body":{},"parameters":[],"headers":[],"authentication":{},"metaSortKey":-1633023300714,"isPrivate":false,"settingStoreCookies":true,"settingSendCookies":true,"settingDisableRenderRequestBody":false,"settingEncodeUrl":true,"settingRebuildPath":true,"settingFollowRedirects":"global","_type":"request"},{"_id":"req_4908b60cd00b4198beee9ecb6ac9ae04","parentId":"wrk_c4fe60ea865d483db4c58c6fa20b0612","modified":1633109544603,"created":1633022660271,"url":"{{ _.base_URL }}/cadastro","name":"1º Cadastrar veiculo","description":"","method":"POST","body":{"mimeType":"application/json","text":"{\n\t\"modelo\": \"Camaro\",\n\t\"marca\": \"Chevrolet\",\n\t\"preco_venda\": 3000,\n\t\"proprietario\": \"*&D*A\"\n}"},"parameters":[],"headers":[{"name":"Content-Type","value":"application/json","id":"pair_812f428870fb4b788a47ed26f1164435"}],"authentication":{},"metaSortKey":-1633022660271,"isPrivate":false,"settingStoreCookies":true,"settingSendCookies":true,"settingDisableRenderRequestBody":false,"settingEncodeUrl":true,"settingRebuildPath":true,"settingFollowRedirects":"global","_type":"request"},{"_id":"env_169f2ce94c9c6c89ef315f71991c7848a6c0e77a","parentId":"wrk_c4fe60ea865d483db4c58c6fa20b0612","modified":1633023612034,"created":1633022599784,"name":"Base Environment","data":{"base_URL":"localhost:3000/veiculos"},"dataPropertyOrder":{"&":["base_URL"]},"color":null,"isPrivate":false,"metaSortKey":1633022599784,"_type":"environment"},{"_id":"jar_169f2ce94c9c6c89ef315f71991c7848a6c0e77a","parentId":"wrk_c4fe60ea865d483db4c58c6fa20b0612","modified":1633022599785,"created":1633022599785,"name":"Default Jar","cookies":[],"_type":"cookie_jar"},{"_id":"spc_e9a5cd90880b4d9a99a63730624c059f","parentId":"wrk_c4fe60ea865d483db4c58c6fa20b0612","modified":1633022599780,"created":1633022599780,"fileName":"2e_ga_JoaoPedro","contents":"","contentType":"yaml","_type":"api_spec"}]}